[
    {
        "cooking_time": "5分钟",
        "ingredients": [
            "雀巢咖啡-焦糖风味拿铁 100.5g",
            "鲜牛奶 300ml",
            "草莓 100g"
        ],
        "instructions": "1. 草莓洗净切片。2. 将咖啡、鲜牛奶和一半草莓放入搅拌机中打匀。3. 杯中放入冰块和剩余草莓片，倒入混合饮品即可。",
        "name": "咖啡牛奶草莓饮",
        "seasonings": [
            "冰块 适量"
        ]
    },
    {
        "cooking_time": "30分钟",
        "ingredients": [
            "南瓜 105g",
            "鲜牛奶 300ml",
            "雀巢咖啡-焦糖风味拿铁 20g"
        ],
        "instructions": "1. 南瓜去皮去籽，切小块。洋葱切碎。2. 锅中融化黄油，炒香洋葱至透明。3. 加入南瓜块翻炒2分钟。4. 倒入牛奶，小火煮至南瓜软烂（约15分钟）。5. 将煮好的汤倒入搅拌机，加入焦糖风味拿铁粉，搅打成顺滑的糊状。6. 倒回锅中，加盐和黑胡椒粉调味，小火加热至微沸即可。",
        "name": "咖啡风味奶香南瓜汤",
        "seasonings": [
            "洋葱 30g",
            "黄油 15g",
            "盐 2g",
            "黑胡椒粉 少许"
        ]
    },
    {
        "cooking_time": "15分钟",
        "ingredients": [
            "鲜牛奶 300ml",
            "草莓 150g",
            "燕麦片 80g"
        ],
        "instructions": "1. 草莓洗净，一半切片，一半切丁备用。2. 小锅中倒入牛奶，加入燕麦片，小火煮5-8分钟，不时搅拌至浓稠。3. 关火，加入草莓丁拌匀。4. 盛入碗中，表面铺上草莓片，淋上蜂蜜即可食用。",
        "name": "草莓牛奶燕麦粥",
        "seasonings": [
            "蜂蜜 15g"
        ]
    },
    {
        "cooking_time": "25分钟",
        "cooking_tips": "煎鱼时不要频繁翻动，待一面定型后再翻面，可以保持鱼排完整。",
        "ingredients": [
            "鲜鱼 250g",
            "雀巢咖啡-焦糖风味拿铁 50g",
            "鲜牛奶 50ml"
        ],
        "instructions": "1. 鲜鱼处理干净，取鱼身部分切成厚片，用盐和黑胡椒粉腌制10分钟。2. 将焦糖风味拿铁粉与鲜牛奶混合，调成均匀的酱汁。3. 鱼排表面均匀拍上一层薄淀粉。4. 平底锅烧热，放少量油，将鱼排放入，中小火煎至两面金黄熟透。5. 倒入调好的焦糖拿铁牛奶酱汁，小火煮至汤汁略微浓稠，均匀裹在鱼排上即可出锅。",
        "kitchen_tools": [
            "平底锅",
            "刀",
            "砧板",
            "碗"
        ],
        "name": "焦糖拿铁风味煎鱼排",
        "notes": "酱汁不要熬得太干，保留一些流动性口感更佳。",
        "nutrition_info": "高蛋白，提供咖啡因和钙质，风味独特。",
        "seasonings": [
            "盐 3g",
            "黑胡椒粉 1g",
            "淀粉 10g"
        ],
        "storage_method": "建议现做现吃。",
        "suitable_for": "喜欢尝试新奇口味的人群。"
    },
    {
        "cooking_time": "30分钟",
        "ingredients": [
            "猪肉 100g",
            "番茄 100g",
            "大米 150g"
        ],
        "instructions": "1. 大米淘洗干净，用电饭煲或锅煮熟成米饭。2. 猪肉切片，番茄切块。3. 锅中放油烧热，放入猪肉片翻炒至变色。4. 加入番茄块翻炒至出汁变软。5. 加盐调味，翻炒均匀后，将炒好的猪肉番茄浇在米饭上即可。",
        "name": "猪肉番茄盖浇饭",
        "seasonings": [
            "盐 3g",
            "食用油 10ml"
        ]
    },
    {
        "cooking_time": "40分钟",
        "ingredients": [
            "猪肉 200g",
            "番茄 200g",
            "大米 200g",
            "鸡蛋 100g"
        ],
        "instructions": "1. 大米洗净，加入适量水用电饭煲煮熟。2. 猪肉切成薄片，用少量盐和辣椒粉（5g）腌制10分钟。3. 番茄洗净切块。4. 鸡蛋打散成蛋液。5. 锅中热油，将蛋液炒熟后盛出备用。6. 锅中再放少许油，下猪肉片翻炒至变色。7. 加入番茄块翻炒至软烂出汁。8. 加入剩余辣椒粉、白糖和盐，翻炒均匀。9. 加入少量水，煮至汤汁浓稠。10. 将炒好的鸡蛋倒回锅中，与番茄猪肉混合均匀。11. 将煮好的米饭盛入碗中，浇上番茄猪肉鸡蛋酱即可。",
        "name": "甜辣番茄猪肉盖浇饭",
        "seasonings": [
            "辣椒粉 15g",
            "白糖 20g",
            "盐 5g",
            "食用油 15ml"
        ]
    },
    {
        "cooking_time": "30分钟",
        "health_advice": "这道菜优先消耗了临期的番茄和猪肉，减少了浪费。番茄富含维生素C和番茄红素，猪肉提供优质蛋白质和铁，有助于缓解疲劳、增强免疫力。米饭提供能量。建议可以购买一些菌菇类（如香菇）加入，能进一步提鲜并增强免疫力。作为广东人，口味清淡，此菜酸甜开胃，不辣。注意保证充足睡眠，避免熬夜复习，有助于改善过敏性鼻炎症状。",
        "ingredients": [
            "大米 100g",
            "猪肉 100g",
            "番茄 150g",
            "洋葱 50g",
            "食用油 10g"
        ],
        "instructions": "1. 大米淘洗干净，加入适量清水用电饭煲煮熟。2. 猪肉切成薄片或肉丝。番茄去皮切块，洋葱切丝。3. 锅中倒入食用油，烧热后放入洋葱丝炒香。4. 加入猪肉片翻炒至变色。5. 放入番茄块，翻炒至番茄出汁变软。6. 加入盐和糖调味，翻炒均匀，如果汤汁较少可加少量水，煮至汤汁略微浓稠。7. 将煮好的米饭盛入碗中，将炒好的番茄猪肉连同汤汁一起浇在米饭上即可。",
        "name": "番茄猪肉盖饭",
        "seasonings": [
            "盐 3g",
            "糖 2g"
        ]
    }
]