[
    {
        "timestamp": "2025-12-28 15:01:19",
        "recipes": [
            {
                "cooking_time": "30分钟",
                "health_advice": "这道菜优先消耗了临期的番茄和猪肉，减少了浪费。番茄富含维生素C和番茄红素，猪肉提供优质蛋白质和铁，有助于缓解疲劳、增强免疫力。米饭提供能量。建议可以购买一些菌菇类（如香菇）加入，能进一步提鲜并增强免疫力。作为广东人，口味清淡，此菜酸甜开胃，不辣。注意保证充足睡眠，避免熬夜复习，有助于改善过敏性鼻炎症状。",
                "ingredients": [
                    "大米 100g",
                    "猪肉 100g",
                    "番茄 150g",
                    "洋葱 50g",
                    "食用油 10g"
                ],
                "instructions": "1. 大米淘洗干净，加入适量清水用电饭煲煮熟。2. 猪肉切成薄片或肉丝。番茄去皮切块，洋葱切丝。3. 锅中倒入食用油，烧热后放入洋葱丝炒香。4. 加入猪肉片翻炒至变色。5. 放入番茄块，翻炒至番茄出汁变软。6. 加入盐和糖调味，翻炒均匀，如果汤汁较少可加少量水，煮至汤汁略微浓稠。7. 将煮好的米饭盛入碗中，将炒好的番茄猪肉连同汤汁一起浇在米饭上即可。",
                "name": "番茄猪肉盖饭",
                "seasonings": [
                    "盐 3g",
                    "糖 2g"
                ]
            },
            {
                "cooking_time": "20分钟",
                "health_advice": "这道沙拉清爽低脂，使用了库存的多种蔬菜水果和鸡肉。鸡肉提供优质蛋白质，胡萝卜富含β-胡萝卜素（在体内转化为维生素A），苹果和蔬菜提供膳食纤维和维生素，有助于提高免疫力、缓解压力。酸奶提供益生菌和钙质。非常适合喜欢蔬菜水果的你，作为运动后的补充餐或轻食。建议可以购买一些坚果（如核桃、杏仁）撒在沙拉上，补充健康脂肪和维生素E，对改善睡眠有益。避免睡前饮用含咖啡因的咖啡拿铁。",
                "ingredients": [
                    "鸡肉 150g",
                    "胡萝卜 100g",
                    "苹果 100g",
                    "黄瓜 50g",
                    "生菜 50g",
                    "酸奶 50g"
                ],
                "instructions": "1. 鸡肉洗净，放入沸水中，加少许盐煮熟，捞出放凉后撕成鸡丝。2. 胡萝卜去皮切细丝，苹果去皮去核切小块，黄瓜切片，生菜洗净撕成适口大小。3. 将所有处理好的蔬菜、水果和鸡丝放入一个大碗中。4. 倒入酸奶，加入剩余盐，轻轻拌匀。5. 装盘即可食用。",
                "name": "胡萝卜苹果鸡肉沙拉",
                "seasonings": [
                    "盐 2g"
                ]
            },
            {
                "cooking_time": "80分钟",
                "health_advice": "这是一道温润的汤品，口味清淡，适合广东口味。牛肉富含蛋白质、铁和锌，能帮助补充体力、缓解疲劳。土豆和胡萝卜提供碳水化合物、维生素和膳食纤维。热汤有助于舒缓身心，改善睡眠质量。建议可以购买一些姜片在炖汤时加入，有助驱寒暖身，对缓解过敏性鼻炎可能有一定辅助作用。注意烹饪时间较长，可以提前准备。保证每日饮水量，避免因压力大而忽略补水。",
                "ingredients": [
                    "牛肉 100g",
                    "土豆 150g",
                    "胡萝卜 100g",
                    "洋葱 50g",
                    "食用油 5g"
                ],
                "instructions": "1. 牛肉切成小块，冷水下锅，煮开后撇去浮沫，捞出牛肉备用（焯水去腥）。2. 土豆和胡萝卜去皮，切成滚刀块。洋葱切丝。3. 锅中倒入食用油，烧热后放入洋葱丝炒香。4. 加入焯过水的牛肉块，翻炒片刻。5. 加入足量热水，大火烧开后转小火炖煮约40分钟，至牛肉变软。6. 加入土豆块和胡萝卜块，继续炖煮约20分钟，直至蔬菜熟透。7. 最后加入盐调味，搅拌均匀即可出锅。",
                "name": "土豆胡萝卜牛肉汤",
                "seasonings": [
                    "盐 4g"
                ]
            }
        ]
    },
    {
        "timestamp": "2025-12-28 13:29:13",
        "recipes": [
            {
                "cooking_time": "30分钟",
                "health_advice": "这道菜优先使用了临期的番茄和猪肉，减少了浪费。番茄富含维生素C和番茄红素，有助于抗氧化和提高免疫力。猪肉提供优质蛋白质，有助于缓解疲劳。烩饭形式温和易消化，适合压力大时食用。建议可以购买一些菌菇类（如香菇）加入，能进一步提鲜并增强免疫力。作为广东人，口味清淡，此菜未添加辛辣调料。注意保证充足睡眠，避免熬夜复习，有助于改善过敏性鼻炎症状。",
                "ingredients": [
                    "猪肉 150g",
                    "番茄 200g",
                    "大米 100g",
                    "洋葱 50g",
                    "食用油 15g"
                ],
                "instructions": "1. 大米洗净，加入适量水（约1:1.2米水比例）用电饭煲煮熟。2. 猪肉切丁，番茄去皮切块，洋葱切丁。3. 锅中放油烧热，下洋葱丁炒香。4. 加入猪肉丁翻炒至变色。5. 加入番茄块，翻炒至番茄出汁变软。6. 加入少量水（约50ml），盖上锅盖焖煮5分钟，使番茄和猪肉味道融合。7. 加入盐调味，翻炒均匀。8. 将煮好的米饭盛入碗中，浇上炒好的番茄猪肉酱即可。",
                "name": "番茄猪肉烩饭",
                "seasonings": [
                    "盐 3g"
                ]
            },
            {
                "cooking_time": "20分钟",
                "health_advice": "这道菜使用了多种蔬菜和鸡肉，营养均衡。鸡肉是优质蛋白质来源，有助于肌肉恢复，适合运动后补充。胡萝卜富含β-胡萝卜素，对呼吸道黏膜健康有益，可能对缓解过敏性鼻炎有帮助。黄瓜和青椒提供维生素和膳食纤维。整体口味清淡，符合你的饮食偏好。建议可以购买一些坚果（如核桃）作为零食，其中的Omega-3脂肪酸有助于抗炎和改善睡眠。结合你每周的运动习惯，这道菜能提供充足的能量且不会造成负担。",
                "ingredients": [
                    "鸡肉 150g",
                    "胡萝卜 100g",
                    "黄瓜 100g",
                    "青椒 50g",
                    "食用油 15g"
                ],
                "instructions": "1. 鸡肉洗净切丁。胡萝卜、黄瓜、青椒洗净，分别切丁。2. 锅中烧水，水开后放入胡萝卜丁焯水1分钟，捞出沥干。3. 锅中放油烧热，下鸡丁快速滑炒至变色断生，盛出备用。4. 用锅中余油，下青椒丁、黄瓜丁和焯过水的胡萝卜丁，中火翻炒2分钟。5. 将炒好的鸡丁倒回锅中，与蔬菜一同翻炒均匀。6. 加入盐调味，翻炒几下即可出锅。",
                "name": "清炒时蔬鸡丁",
                "seasonings": [
                    "盐 2g"
                ]
            },
            {
                "cooking_time": "15分钟",
                "health_advice": "这是一道清爽的冷盘，充分利用了库存的水果、蔬菜和蛋奶。苹果和酸奶的组合有助于肠道健康，可能间接改善睡眠质量。鸡蛋提供胆碱和蛋白质，对大脑功能有益，适合复习期间。胡萝卜对呼吸道健康有益。酸奶中的益生菌和钙质有助于增强免疫力。这道菜完全避免了甜食和辛辣，符合你的口味。建议可以购买一些深海鱼（如三文鱼）来补充维生素D和Omega-3，这对改善睡眠和抗过敏有积极影响。注意将咖啡（库存中的雀巢咖啡）的摄入控制在白天，避免影响夜间睡眠。",
                "ingredients": [
                    "苹果 150g",
                    "胡萝卜 50g",
                    "生菜 50g",
                    "鸡蛋 100g（约2个）",
                    "酸奶 100g"
                ],
                "instructions": "1. 鸡蛋放入冷水中，开火煮至水沸后继续煮8分钟，捞出放入冷水中冷却，去壳后对半切开。2. 生菜洗净，撕成适口大小，铺在盘底。3. 苹果洗净去核，切小块或薄片。胡萝卜洗净，擦成细丝或切薄片。4. 将苹果块和胡萝卜丝放在生菜上。5. 淋上酸奶作为沙拉酱。6. 将切好的水煮蛋摆放在沙拉旁边，在鸡蛋上撒少许盐即可。",
                "name": "苹果胡萝卜酸奶沙拉佐水煮蛋",
                "seasonings": [
                    "盐 1g"
                ]
            }
        ]
    },
    {
        "timestamp": "2025-12-28 13:22:15",
        "recipes": [
            {
                "cooking_time": "30分钟",
                "health_advice": "这道菜适合作为午餐或晚餐的主食。番茄富含维生素C和番茄红素，猪肉提供优质蛋白质和B族维生素，有助于缓解疲劳、增强免疫力。洋葱含有槲皮素，可能有助于缓解过敏性鼻炎症状。建议可以购买一些蘑菇或西兰花加入，增加膳食纤维和微量元素。健康建议：压力大时，保证优质蛋白和维生素C的摄入很重要，同时注意规律作息，避免熬夜复习过晚。",
                "ingredients": [
                    "大米 100g",
                    "猪肉 150g",
                    "番茄 200g",
                    "洋葱 50g",
                    "食用油 15g"
                ],
                "instructions": "1. 大米淘洗干净，放入电饭煲中，加入适量水（约1:1.2米水比例）煮熟成米饭。2. 猪肉切成小丁，番茄去皮切小块，洋葱切丁。3. 锅中倒入食用油，烧热后放入洋葱丁炒香。4. 加入猪肉丁翻炒至变色。5. 放入番茄块，翻炒至软烂出汁。6. 加入少量水（约50ml），煮开后转小火炖煮5分钟，使汤汁浓稠，期间用锅铲压碎部分番茄。7. 加入盐调味，翻炒均匀。8. 将煮好的米饭盛入碗中，浇上炒好的番茄猪肉烩料即可。",
                "name": "番茄猪肉烩饭",
                "seasonings": [
                    "盐 3g"
                ]
            },
            {
                "cooking_time": "25分钟",
                "health_advice": "这道菜适合作为早餐或简便的晚餐。鸡蛋提供优质蛋白质和胆碱，番茄补充维生素C，面粉提供碳水化合物，能为运动后的身体补充能量。优先用完临期番茄。建议可以购买一些绿叶蔬菜（如菠菜）切碎加入面糊，增加维生素K和铁。健康建议：运动后及时补充营养有助于恢复。过敏性鼻炎患者日常饮食可多摄入富含维生素C和槲皮素的食物（如洋葱、苹果皮），但需注意避免已知过敏原。保证7小时睡眠对免疫力至关重要。",
                "ingredients": [
                    "面粉 150g",
                    "鸡蛋 2个（约100g）",
                    "番茄 100g",
                    "青椒 50g",
                    "食用油 20g"
                ],
                "instructions": "1. 番茄和青椒洗净，切成小碎丁。2. 将面粉倒入大碗中，打入鸡蛋，加入番茄丁、青椒丁和盐。3. 慢慢加入适量水（约80-100ml），边加边搅拌，调成均匀的、稍稠的面糊（类似酸奶状）。4. 平底锅烧热，刷一层薄薄的食用油。5. 舀一勺面糊倒入锅中，用勺子背轻轻摊开成圆饼状。6. 中小火煎至一面定型、呈金黄色后，翻面煎另一面至金黄熟透。7. 重复步骤5-6，直至面糊用完。",
                "name": "番茄鸡蛋面饼",
                "seasonings": [
                    "盐 2g"
                ]
            },
            {
                "cooking_time": "20分钟",
                "health_advice": "这道菜适合作为午餐或晚餐的配菜，搭配米饭食用。它充分利用了预警食材猪肉，并搭配了多种蔬菜。胡萝卜富含β-胡萝卜素（维生素A原），青椒维生素C含量高，土豆提供钾和碳水化合物，营养均衡，有助于提高免疫力、保护视力。建议可以购买一些蒜末或姜末爆锅，增加风味和抗炎成分。健康建议：饮食多样化是提高免疫力的基础。虽然不喜欢甜食，但像胡萝卜、苹果中的天然糖分是健康的。压力大易疲劳时，要确保摄入足够的复合碳水化合物（如米饭、土豆）和B族维生素（来自肉类、全谷物）。",
                "ingredients": [
                    "猪肉 50g",
                    "土豆 150g",
                    "胡萝卜 100g",
                    "青椒 50g",
                    "食用油 15g"
                ],
                "instructions": "1. 猪肉切成细丝。土豆和胡萝卜去皮，切成细丝，分别用清水浸泡片刻后沥干（防止土豆氧化，并去除部分淀粉）。青椒去籽切丝。2. 锅中烧热食用油，放入猪肉丝快速滑炒至变色后盛出备用。3. 用锅中余油，先放入胡萝卜丝翻炒约1分钟。4. 加入土豆丝和青椒丝，继续大火快速翻炒2-3分钟，至蔬菜断生。5. 将炒好的肉丝倒回锅中，与蔬菜混合翻炒均匀。6. 加入盐调味，翻炒均匀后即可出锅。",
                "name": "青椒土豆胡萝卜炒肉丝",
                "seasonings": [
                    "盐 2g"
                ]
            }
        ]
    },
    {
        "timestamp": "2025-12-28 13:12:59",
        "recipes": [
            {
                "cooking_time": "25分钟",
                "health_advice": "这道菜充分利用了临期食材番茄和猪肉，并加入了鸡蛋，提供了优质蛋白质、维生素C和番茄红素。番茄红素有助于抗氧化，对提高免疫力有益。咖啡拿铁中的糖分提供了甜味，但整体甜度不高。建议：1. 适合作为一道快手主菜，搭配米饭营养均衡。2. 补充了蛋白质、维生素和碳水化合物。3. 可以购买一些辣椒粉或小米辣来增加辣度，以满足你的口味需求。4. 考虑到你压力大、易疲劳，充足的蛋白质摄入很重要。虽然使用了甜味剂，但整体不属于高甜菜肴。注意保证规律作息，有助于改善睡眠。",
                "ingredients": [
                    "番茄 150g",
                    "猪肉 100g",
                    "鸡蛋 100g",
                    "大米 150g"
                ],
                "instructions": "1. 大米淘洗干净，用电饭煲或小锅煮熟成米饭。2. 猪肉切成薄片或丝，用雀巢咖啡-焦糖风味拿铁抓匀腌制10分钟。3. 番茄洗净切块。4. 鸡蛋打散成蛋液。5. 锅中放油烧热，倒入蛋液快速滑炒至凝固，盛出备用。6. 锅中再放油，下腌制好的猪肉翻炒至变色。7. 加入番茄块，大火翻炒至番茄变软出汁。8. 将炒好的鸡蛋倒回锅中，与番茄猪肉一起翻炒均匀，可根据喜好调整汤汁浓稠度。9. 将炒好的菜盛出，搭配米饭食用。",
                "name": "番茄猪肉辣炒蛋",
                "seasonings": [
                    "雀巢咖啡-焦糖风味拿铁 15g (用于腌制猪肉，提供甜味和焦糖风味)"
                ]
            },
            {
                "cooking_time": "20分钟",
                "health_advice": "这道盖浇饭集中消耗了临期的猪肉和番茄，搭配生菜增加蔬菜摄入。番茄提供了维生素C和番茄红素，猪肉提供蛋白质和铁，生菜提供膳食纤维和维生素。建议：1. 适合作为一餐解决，方便快捷。2. 补充了蛋白质、维生素、矿物质和膳食纤维。3. 可以购买一些真正的辣椒酱或新鲜辣椒来提升辣度，并减少对预调咖啡甜味剂的依赖，以更健康地满足甜辣口味。4. 你BMI正常且喜欢运动，此餐提供了运动后所需的碳水化合物和蛋白质。注意压力大时避免过度依赖咖啡因，虽然此菜用量不大，但仍建议白天食用。",
                "ingredients": [
                    "番茄 100g",
                    "猪肉 100g",
                    "大米 150g",
                    "生菜 50g"
                ],
                "instructions": "1. 大米淘洗干净，用电饭煲或小锅煮熟成米饭，盛入碗中。2. 生菜洗净，撕成小片，铺在米饭上或作为配菜。3. 猪肉切成小丁。番茄去皮（可省略）后切丁。4. 锅中放油烧热，下猪肉丁翻炒至变色并出油。5. 加入番茄丁，翻炒至软烂成泥状。6. 将雀巢咖啡-焦糖风味拿铁倒入锅中，与番茄猪肉混合，熬煮成浓稠的甜辣风味酱汁（咖啡中的焦糖和奶味会形成独特风味）。7. 将煮好的番茄猪肉酱汁均匀浇在米饭和生菜上即可。",
                "name": "甜辣番茄猪肉盖浇饭",
                "seasonings": [
                    "雀巢咖啡-焦糖风味拿铁 20g (作为甜味酱汁基底)"
                ]
            },
            {
                "cooking_time": "15分钟",
                "health_advice": "这道菜式简单清淡，消耗了剩余的番茄、鸡蛋和生菜。汤品提供了水分和易消化的营养。建议：1. 适合作为晚餐或夜宵，较为清淡，可能有助于睡眠（如果咖啡因影响不大）。但需注意，咖啡拿铁含咖啡因，对睡眠敏感者建议中午前食用此菜。2. 补充了水分、维生素、蛋白质和少量碳水化合物。3. 可以购买一些真正的辣椒油或剁椒，在食用时根据个人口味添加，以增加辣度。4. 针对你的过敏性鼻炎和希望提高免疫力的需求，番茄中的维生素C和番茄红素是有益的。改善睡眠还需结合规律作息和减压活动，饮食上可考虑增加富含色氨酸（如牛奶、香蕉，非库存）的食物。",
                "ingredients": [
                    "番茄 50g",
                    "鸡蛋 50g",
                    "大米 150g",
                    "生菜 50.5g"
                ],
                "instructions": "1. 大米淘洗干净，用电饭煲或小锅煮熟成米饭。2. 番茄洗净，切成小片或小块。生菜洗净撕成小片。3. 鸡蛋打散成蛋液备用。4. 小锅中加入适量水（约400ml），放入番茄片，煮开。5. 水开后，转小火，保持微沸状态，将蛋液以画圈的方式缓缓淋入锅中，形成蛋花。6. 立即放入生菜片，烫软即可。7. 关火，将雀巢咖啡-焦糖风味拿铁倒入汤中，搅拌均匀，利用余温使风味融合。8. 将汤盛出，搭配米饭食用。",
                "name": "焦糖风味番茄蛋花汤配米饭",
                "seasonings": [
                    "雀巢咖啡-焦糖风味拿铁 15.5g (作为汤的甜味调味)"
                ]
            }
        ]
    },
    {
        "timestamp": "2025-12-27 21:12:40",
        "recipes": [
            {
                "cooking_time": "40分钟",
                "ingredients": [
                    "猪肉 200g",
                    "番茄 200g",
                    "大米 200g",
                    "鸡蛋 100g"
                ],
                "instructions": "1. 大米洗净，加入适量水用电饭煲煮熟。2. 猪肉切成薄片，用少量盐和辣椒粉（5g）腌制10分钟。3. 番茄洗净切块。4. 鸡蛋打散成蛋液。5. 锅中热油，将蛋液炒熟后盛出备用。6. 锅中再放少许油，下猪肉片翻炒至变色。7. 加入番茄块翻炒至软烂出汁。8. 加入剩余辣椒粉、白糖和盐，翻炒均匀。9. 加入少量水，煮至汤汁浓稠。10. 将炒好的鸡蛋倒回锅中，与番茄猪肉混合均匀。11. 将煮好的米饭盛入碗中，浇上番茄猪肉鸡蛋酱即可。",
                "name": "甜辣番茄猪肉盖浇饭",
                "seasonings": [
                    "辣椒粉 15g",
                    "白糖 20g",
                    "盐 5g",
                    "食用油 15ml"
                ]
            },
            {
                "cooking_time": "35分钟",
                "ingredients": [
                    "猪肉 200g",
                    "生菜 100.5g",
                    "鸡蛋 200g"
                ],
                "instructions": "1. 猪肉剁成肉末。2. 生菜洗净，沥干水分，切成细丝。3. 将猪肉末、生菜丝、辣椒酱、白糖和盐混合均匀，制成馅料。4. 鸡蛋打散成蛋液。5. 平底锅刷薄油，倒入适量蛋液，摊成薄蛋皮。6. 将馅料铺在蛋皮上，卷起成蛋卷。7. 将蛋卷放入盘中，上蒸锅蒸15分钟至肉馅熟透。8. 取出后稍凉，切成段即可食用。",
                "name": "甜辣猪肉生菜蛋卷",
                "seasonings": [
                    "辣椒酱 20g",
                    "白糖 15g",
                    "盐 3g",
                    "食用油 10ml"
                ]
            },
            {
                "cooking_time": "30分钟",
                "ingredients": [
                    "番茄 100g",
                    "鸡蛋 200g",
                    "大米 200g"
                ],
                "instructions": "1. 大米洗净，加入适量水用电饭煲煮熟。2. 番茄洗净切块。3. 鸡蛋打散成蛋液，加入少许盐（1g）搅匀。4. 锅中热油，倒入蛋液，快速滑炒至凝固成块后盛出。5. 锅中留底油，放入干辣椒碎爆香。6. 加入番茄块，翻炒至软烂出汁。7. 加入白糖和剩余盐，翻炒均匀。8. 将炒好的鸡蛋倒回锅中，与番茄混合均匀，炒至入味。9. 将煮好的米饭盛入碗中，搭配番茄炒蛋食用。",
                "name": "甜辣番茄炒蛋配米饭",
                "seasonings": [
                    "干辣椒碎 10g",
                    "白糖 25g",
                    "盐 4g",
                    "食用油 15ml"
                ]
            }
        ]
    },
    {
        "timestamp": "2025-12-27 21:04:45",
        "recipes": [
            {
                "cooking_time": "15分钟",
                "ingredients": [
                    "鸡蛋 150g",
                    "番茄 150g"
                ],
                "instructions": "1. 番茄洗净切块。2. 鸡蛋打入碗中，加少许盐打散。3. 锅中放油烧热，倒入蛋液炒至凝固后盛出。4. 锅中再放少许油，放入番茄块翻炒至出汁变软。5. 倒入炒好的鸡蛋，加盐翻炒均匀即可出锅。",
                "name": "番茄炒蛋",
                "seasonings": [
                    "盐 3g",
                    "食用油 10ml"
                ]
            },
            {
                "cooking_time": "30分钟",
                "ingredients": [
                    "猪肉 100g",
                    "番茄 100g",
                    "大米 150g"
                ],
                "instructions": "1. 大米淘洗干净，用电饭煲或锅煮熟成米饭。2. 猪肉切片，番茄切块。3. 锅中放油烧热，放入猪肉片翻炒至变色。4. 加入番茄块翻炒至出汁变软。5. 加盐调味，翻炒均匀后，将炒好的猪肉番茄浇在米饭上即可。",
                "name": "猪肉番茄盖浇饭",
                "seasonings": [
                    "盐 3g",
                    "食用油 10ml"
                ]
            },
            {
                "cooking_time": "25分钟",
                "ingredients": [
                    "猪肉 100g",
                    "鸡蛋 100g"
                ],
                "instructions": "1. 猪肉剁成肉末。2. 鸡蛋打入碗中，加少许盐和约1.5倍鸡蛋重量的温水，搅拌均匀后过滤掉气泡。3. 将肉末铺在碗底，轻轻倒入蛋液。4. 碗上覆盖保鲜膜，用牙签扎几个小孔。5. 放入蒸锅，水开后中火蒸约15分钟，关火后焖2分钟即可。",
                "name": "猪肉末蒸蛋",
                "seasonings": [
                    "盐 3g",
                    "食用油 5ml"
                ]
            }
        ]
    },
    {
        "timestamp": "2025-12-27 20:43:46",
        "recipes": [
            {
                "cooking_time": "15分钟",
                "ingredients": [
                    "鸡蛋 150g",
                    "番茄 200g"
                ],
                "instructions": "1. 番茄洗净切块。2. 鸡蛋打入碗中，加少许盐打散。3. 锅中热油，倒入蛋液炒至凝固后盛出。4. 锅中再放少许油，下番茄块翻炒至出汁变软。5. 倒入炒好的鸡蛋，加盐翻炒均匀即可出锅。",
                "name": "番茄炒蛋",
                "seasonings": [
                    "盐 3g",
                    "食用油 10g"
                ]
            },
            {
                "cooking_time": "30分钟",
                "ingredients": [
                    "猪肉 200g",
                    "番茄 100g",
                    "大米 150g"
                ],
                "instructions": "1. 大米洗净，用电饭煲或锅煮熟成米饭。2. 猪肉切片，番茄切块。3. 锅中热油，下猪肉片翻炒至变色。4. 加入番茄块翻炒至出汁变软。5. 加适量水（约100ml）和盐，煮至汤汁略浓稠。6. 将煮好的猪肉番茄浇在盛好的米饭上即可。",
                "name": "猪肉番茄盖浇饭",
                "seasonings": [
                    "盐 4g",
                    "食用油 10g"
                ]
            },
            {
                "cooking_time": "20分钟",
                "ingredients": [
                    "猪肉 100g",
                    "鸡蛋 100g",
                    "大米 200g"
                ],
                "instructions": "1. 大米提前煮熟，放凉或隔夜米饭更佳。2. 猪肉切小丁。3. 鸡蛋打散，加少许盐。4. 锅中热油，倒入蛋液快速炒散成小块后盛出。5. 锅中再放油，下猪肉丁翻炒至熟透。6. 加入米饭，用铲子压散并翻炒均匀。7. 倒入炒好的鸡蛋，加盐，翻炒均匀即可出锅。",
                "name": "猪肉蛋炒饭",
                "seasonings": [
                    "盐 5g",
                    "食用油 15g"
                ]
            }
        ]
    },
    {
        "timestamp": "2025-12-27 20:40:17",
        "recipes": [
            {
                "cooking_time": "30分钟",
                "cooking_tips": "番茄去皮可先用开水烫一下，更容易剥皮。猪肉片切薄一些更易入味。",
                "ingredients": [
                    "猪肉 100g",
                    "番茄 100g",
                    "大米 150g",
                    "鸡蛋 1个"
                ],
                "instructions": "1. 大米洗净，用电饭煲煮熟。2. 猪肉切薄片，用料酒和生抽腌制10分钟。3. 番茄去皮切小块。4. 锅中热油，放入猪肉片炒至变色，加入番茄块翻炒出汁。5. 加入辣椒粉、白糖、盐和少量水，煮至汤汁浓稠。6. 另起锅煎一个荷包蛋。7. 将米饭盛入碗中，铺上番茄猪肉和荷包蛋即可。",
                "kitchen_tools": [
                    "电饭煲",
                    "炒锅",
                    "菜刀",
                    "砧板"
                ],
                "name": "甜辣番茄猪肉盖饭",
                "nutrition_info": "约450大卡，富含蛋白质、维生素C和碳水化合物。",
                "precautions": "辣椒粉用量可根据个人口味调整，但需确保达到巨辣程度。",
                "seasonings": [
                    "辣椒粉 15g",
                    "白糖 20g",
                    "生抽 10ml",
                    "料酒 5ml",
                    "盐 3g",
                    "食用油 10ml"
                ],
                "storage_method": "冷藏保存，建议24小时内食用完毕。",
                "suitable_for": "喜欢甜辣口味的成年人。"
            },
            {
                "cooking_time": "15分钟",
                "cooking_tips": "鸡蛋不要炒得太老，保持嫩滑口感。番茄炒出汁后再加调料更入味。",
                "ingredients": [
                    "鸡蛋 3个",
                    "番茄 150g"
                ],
                "instructions": "1. 鸡蛋打散，加入少许盐搅拌均匀。2. 番茄切块。3. 锅中热油，倒入蛋液炒至凝固，盛出备用。4. 锅中再加少许油，放入番茄块翻炒至软烂。5. 加入辣椒酱、白糖和盐，翻炒均匀。6. 倒入炒好的鸡蛋，快速翻炒均匀即可出锅。",
                "kitchen_tools": [
                    "炒锅",
                    "锅铲",
                    "碗",
                    "筷子"
                ],
                "name": "甜辣番茄炒蛋",
                "nutrition_info": "约300大卡，富含蛋白质、维生素和抗氧化物质。",
                "precautions": "辣椒酱选择高辣度的品种以确保巨辣口感。",
                "seasonings": [
                    "辣椒酱 20g",
                    "白糖 15g",
                    "盐 2g",
                    "食用油 15ml"
                ],
                "storage_method": "冷藏保存，建议当天食用完毕。",
                "suitable_for": "全家人，尤其适合喜欢甜辣口味者。"
            },
            {
                "cooking_time": "20分钟",
                "cooking_tips": "使用隔夜饭炒制效果更佳，米饭粒粒分明。",
                "ingredients": [
                    "猪肉 50g",
                    "鸡蛋 2个",
                    "大米 200g",
                    "番茄 50g"
                ],
                "instructions": "1. 大米提前煮熟，放凉备用。2. 猪肉切丁，用生抽腌制5分钟。3. 番茄切丁。4. 鸡蛋打散，锅中热油炒熟后盛出。5. 锅中再热油，放入猪肉丁炒至变色，加入辣椒碎和番茄丁翻炒。6. 加入米饭、白糖和盐，翻炒均匀。7. 最后加入炒好的鸡蛋，快速翻炒均匀即可。",
                "kitchen_tools": [
                    "炒锅",
                    "锅铲",
                    "电饭煲"
                ],
                "name": "甜辣猪肉蛋炒饭",
                "nutrition_info": "约500大卡，提供充足能量和蛋白质。",
                "precautions": "炒饭时火候要大，快速翻炒以防粘锅。",
                "seasonings": [
                    "辣椒碎 10g",
                    "白糖 10g",
                    "生抽 5ml",
                    "盐 2g",
                    "食用油 15ml"
                ],
                "storage_method": "冷藏保存，建议24小时内食用完毕。",
                "suitable_for": "忙碌的上班族或学生。"
            },
            {
                "cooking_time": "20分钟",
                "cooking_tips": "猪肉片切薄一些，煮的时间不宜过长以保持嫩滑。",
                "ingredients": [
                    "猪肉 50g",
                    "番茄 100g",
                    "鸡蛋 1个"
                ],
                "instructions": "1. 猪肉切片，用生抽腌制5分钟。2. 番茄切块。3. 锅中加水烧开，放入猪肉片煮至变色。4. 加入番茄块，煮至软烂。5. 加入辣椒油、白糖和盐调味。6. 鸡蛋打散，缓缓倒入汤中形成蛋花。7. 煮开后即可关火。",
                "kitchen_tools": [
                    "汤锅",
                    "勺子",
                    "碗"
                ],
                "name": "甜辣番茄猪肉汤",
                "nutrition_info": "约200大卡，低脂高蛋白，富含维生素。",
                "precautions": "辣椒油可根据个人口味调整，但需确保汤品达到巨辣程度。",
                "seasonings": [
                    "辣椒油 10ml",
                    "白糖 10g",
                    "盐 3g",
                    "生抽 5ml",
                    "水 500ml"
                ],
                "storage_method": "冷藏保存，建议当天食用完毕。",
                "suitable_for": "喜欢喝汤且嗜辣的人群。"
            },
            {
                "cooking_time": "25分钟",
                "cooking_tips": "煎蛋时油温不要太高，以免蛋焦掉。肉末炒至干香更美味。",
                "ingredients": [
                    "猪肉 50g",
                    "鸡蛋 2个",
                    "大米 150g"
                ],
                "instructions": "1. 大米洗净，用电饭煲煮熟。2. 猪肉剁成肉末，用生抽、辣椒粉和白糖腌制10分钟。3. 锅中热油，将肉末炒熟盛出。4. 同一锅中煎两个荷包蛋。5. 将米饭盛入碗中，铺上炒好的肉末和煎蛋。6. 可根据个人口味再撒少许辣椒粉和白糖。",
                "kitchen_tools": [
                    "电饭煲",
                    "炒锅",
                    "碗"
                ],
                "name": "甜辣猪肉煎蛋饭",
                "nutrition_info": "约400大卡，富含蛋白质和碳水化合物。",
                "precautions": "确保猪肉完全炒熟，避免食品安全问题。",
                "seasonings": [
                    "辣椒粉 10g",
                    "白糖 10g",
                    "生抽 5ml",
                    "盐 2g",
                    "食用油 10ml"
                ],
                "storage_method": "建议现做现吃，不宜长时间存放。",
                "suitable_for": "喜欢简单快捷餐食的辣味爱好者。"
            },
            {
                "cooking_time": "20分钟",
                "cooking_tips": "番茄炒得越烂，浇头越浓郁。可根据喜好调整辣酱和糖的比例。",
                "ingredients": [
                    "番茄 150g",
                    "鸡蛋 2个",
                    "大米 150g"
                ],
                "instructions": "1. 大米洗净，用电饭煲煮熟。2. 番茄去皮切丁。3. 鸡蛋打散，锅中热油炒熟后盛出。4. 同一锅中加入番茄丁，翻炒至软烂出汁。5. 加入辣椒酱、白糖和盐，翻炒均匀。6. 加入炒好的鸡蛋，混合均匀制成浇头。7. 将浇头淋在米饭上，拌匀即可食用。",
                "kitchen_tools": [
                    "电饭煲",
                    "炒锅",
                    "碗",
                    "勺子"
                ],
                "name": "甜辣番茄鸡蛋拌饭",
                "nutrition_info": "约350大卡，酸甜辣开胃，营养均衡。",
                "precautions": "辣椒酱选择高辣度的，确保拌饭达到巨辣口感。",
                "seasonings": [
                    "辣椒酱 15g",
                    "白糖 15g",
                    "盐 2g",
                    "食用油 10ml"
                ],
                "storage_method": "浇头和米饭分开存放，食用前再混合。",
                "suitable_for": "喜欢拌饭且嗜辣的人群。"
            }
        ]
    },
    {
        "timestamp": "2025-12-27 17:46:06",
        "recipes": [
            {
                "cooking_time": "15分钟",
                "cooking_tips": "蛋糕块可以稍微捏碎，更容易吸收奶昔风味。",
                "ingredients": [
                    "奶油蛋糕 300g",
                    "草莓 150g",
                    "鲜牛奶 100ml"
                ],
                "instructions": "1. 将奶油蛋糕切成小块备用。2. 草莓洗净去蒂，一半切片用于装饰，另一半切丁。3. 将切丁的草莓与鲜牛奶、糖混合，用搅拌机打成草莓奶昔。4. 在玻璃杯中，先铺一层蛋糕块，倒入适量草莓奶昔，再铺一层蛋糕块和草莓片。5. 重复此过程，直至杯子装满，最上层用草莓片装饰。",
                "kitchen_tools": [
                    "刀",
                    "砧板",
                    "搅拌机",
                    "玻璃杯"
                ],
                "name": "草莓奶油蛋糕杯",
                "notes": "草莓需彻底清洗。制作后尽快食用以保证最佳口感。",
                "nutrition_info": "富含碳水化合物、蛋白质和维生素C。",
                "seasonings": [
                    "糖 10g"
                ],
                "storage_method": "冷藏保存，建议24小时内食用完毕。",
                "suitable_for": "喜欢甜点的人群，可作为下午茶或餐后甜点。"
            },
            {
                "cooking_time": "20分钟",
                "cooking_tips": "加入牛奶后不要煮沸，以免蛋白质凝结影响口感。",
                "ingredients": [
                    "鲜鱼 250g",
                    "豆腐 200g",
                    "菠菜 100g",
                    "鲜牛奶 200ml"
                ],
                "instructions": "1. 鲜鱼处理干净，切成块。豆腐切块。菠菜洗净切段。2. 锅中加入适量水和姜片，烧开后放入鱼块，中火煮5分钟。3. 加入豆腐块，继续煮3分钟。4. 倒入鲜牛奶，煮至微沸。5. 加入菠菜段，煮至变软。6. 最后加入盐和白胡椒粉调味，搅拌均匀即可出锅。",
                "kitchen_tools": [
                    "汤锅",
                    "刀",
                    "砧板"
                ],
                "name": "鲜鱼豆腐菠菜汤",
                "notes": "鱼块下锅前可用厨房纸吸干水分，防止溅油。",
                "nutrition_info": "优质蛋白质、钙质和维生素来源，汤品鲜美。",
                "seasonings": [
                    "姜 3片",
                    "盐 5g",
                    "白胡椒粉 1g"
                ],
                "storage_method": "冷藏保存，建议当天食用。",
                "suitable_for": "一般人群，尤其适合需要补充营养者。"
            },
            {
                "cooking_time": "25分钟",
                "cooking_tips": "南瓜蒸得越烂，打出的泥越细腻顺滑。",
                "ingredients": [
                    "南瓜 105.5g",
                    "草莓 100g",
                    "鲜牛奶 150ml",
                    "奶油蛋糕 100g"
                ],
                "instructions": "1. 南瓜去皮去籽，切成小块，上锅蒸熟（约15分钟）。2. 草莓洗净去蒂，切块。3. 将蒸熟的南瓜、草莓块、鲜牛奶和糖一同放入搅拌机中，搅打成细腻的泥状。4. 奶油蛋糕捏碎成屑。5. 将打好的南瓜草莓泥倒入碗中，表面撒上蛋糕屑即可。",
                "kitchen_tools": [
                    "蒸锅",
                    "搅拌机",
                    "碗"
                ],
                "name": "奶香南瓜草莓泥",
                "notes": "可根据个人喜好调整甜度。",
                "nutrition_info": "富含膳食纤维、β-胡萝卜素、维生素C和钙。",
                "seasonings": [
                    "糖 15g"
                ],
                "storage_method": "冷藏保存，建议当天食用。",
                "suitable_for": "婴幼儿辅食、老人或喜爱甜软食物的人群。"
            },
            {
                "cooking_time": "25分钟",
                "cooking_tips": "煎鱼时不要频繁翻动，待一面定型后再翻面，可以保持鱼排完整。",
                "ingredients": [
                    "鲜鱼 250g",
                    "雀巢咖啡-焦糖风味拿铁 50g",
                    "鲜牛奶 50ml"
                ],
                "instructions": "1. 鲜鱼处理干净，取鱼身部分切成厚片，用盐和黑胡椒粉腌制10分钟。2. 将焦糖风味拿铁粉与鲜牛奶混合，调成均匀的酱汁。3. 鱼排表面均匀拍上一层薄淀粉。4. 平底锅烧热，放少量油，将鱼排放入，中小火煎至两面金黄熟透。5. 倒入调好的焦糖拿铁牛奶酱汁，小火煮至汤汁略微浓稠，均匀裹在鱼排上即可出锅。",
                "kitchen_tools": [
                    "平底锅",
                    "刀",
                    "砧板",
                    "碗"
                ],
                "name": "焦糖拿铁风味煎鱼排",
                "notes": "酱汁不要熬得太干，保留一些流动性口感更佳。",
                "nutrition_info": "高蛋白，提供咖啡因和钙质，风味独特。",
                "seasonings": [
                    "盐 3g",
                    "黑胡椒粉 1g",
                    "淀粉 10g"
                ],
                "storage_method": "建议现做现吃。",
                "suitable_for": "喜欢尝试新奇口味的人群。"
            },
            {
                "cooking_time": "15分钟",
                "cooking_tips": "豆腐烫一下可以去除豆腥味，压泥时不要压得太碎，保留一些颗粒感。",
                "ingredients": [
                    "菠菜 100g",
                    "草莓 50g",
                    "豆腐 200g",
                    "鲜牛奶 30ml"
                ],
                "instructions": "1. 菠菜洗净，放入沸水中焯烫10秒，捞出过凉水，挤干水分后切段。2. 草莓洗净去蒂，切片。3. 豆腐用开水烫一下，捞出沥干，用勺子压成粗泥状。4. 制作酱汁：将鲜牛奶、蜂蜜、白醋和盐混合搅拌均匀。5. 将菠菜段、草莓片和豆腐泥放入大碗中，淋上调好的酱汁，轻轻拌匀即可。",
                "kitchen_tools": [
                    "锅",
                    "漏勺",
                    "碗",
                    "勺子"
                ],
                "name": "菠菜草莓豆腐沙拉",
                "notes": "菠菜焯水时间不宜过长，以保持翠绿和营养。",
                "nutrition_info": "低脂高蛋白，富含维生素、矿物质和膳食纤维。",
                "seasonings": [
                    "蜂蜜 20g",
                    "白醋 10ml",
                    "盐 2g"
                ],
                "storage_method": "建议现拌现吃，酱汁分离存放。",
                "suitable_for": "追求健康轻食、减肥或素食人群。"
            },
            {
                "cooking_time": "30分钟（不含冷藏时间）",
                "cooking_tips": "牛奶加热温度不宜过高，否则会影响吉利丁的凝固效果。",
                "ingredients": [
                    "奶油蛋糕 200g",
                    "草莓 100g",
                    "鲜牛奶 500ml",
                    "雀巢咖啡-焦糖风味拿铁 50.5g"
                ],
                "instructions": "1. 吉利丁片用冰水泡软。2. 草莓洗净去蒂，一部分切片用于装饰，另一部分切丁。3. 奶油蛋糕捏碎。4. 鲜牛奶加热至微沸（不要煮沸），加入糖和焦糖风味拿铁粉，搅拌至完全溶解。5. 离火，加入泡软并挤干水分的吉利丁片，搅拌至完全融化。6. 待牛奶混合物冷却至室温，加入草莓丁和大部分蛋糕碎，搅拌均匀。7. 倒入布丁模具中，冷藏至少4小时至完全凝固。8. 取出脱模，表面用草莓片和剩余的蛋糕碎装饰。",
                "kitchen_tools": [
                    "锅",
                    "碗",
                    "布丁模具",
                    "搅拌勺"
                ],
                "name": "奶油蛋糕草莓布丁",
                "notes": "脱模时可用热毛巾敷一下模具外壁，更容易脱出完整布丁。",
                "nutrition_info": "提供能量、蛋白质和钙，口感香甜滑嫩。",
                "seasonings": [
                    "糖 20g",
                    "吉利丁片 10g"
                ],
                "storage_method": "冷藏保存，建议2天内食用完毕。",
                "suitable_for": "喜爱甜点和布丁的人群。"
            }
        ]
    },
    {
        "timestamp": "2025-12-27 17:27:33",
        "recipes": [
            {
                "cooking_time": "25分钟",
                "ingredients": [
                    "鲜鱼 500g",
                    "菠菜 50g"
                ],
                "instructions": "1. 鲜鱼处理干净，两面划几刀，用料酒和少许盐腌制10分钟。2. 盘底铺上姜片和葱段，放上鱼，鱼身上再放些姜丝。3. 蒸锅水烧开后，放入鱼盘，大火蒸8-10分钟。4. 取出倒掉盘内汤汁，捡去姜葱。5. 菠菜焯水后铺在鱼身周围。6. 淋上蒸鱼豉油，撒上新鲜葱丝，浇上热油即可。",
                "name": "清蒸鲜鱼",
                "seasonings": [
                    "生姜 10g",
                    "葱 10g",
                    "料酒 15ml",
                    "蒸鱼豉油 20ml",
                    "食用油 10ml"
                ]
            },
            {
                "cooking_time": "15分钟",
                "ingredients": [
                    "鲜牛奶 300ml",
                    "草莓 150g",
                    "燕麦片 80g"
                ],
                "instructions": "1. 草莓洗净，一半切片，一半切丁备用。2. 小锅中倒入牛奶，加入燕麦片，小火煮5-8分钟，不时搅拌至浓稠。3. 关火，加入草莓丁拌匀。4. 盛入碗中，表面铺上草莓片，淋上蜂蜜即可食用。",
                "name": "草莓牛奶燕麦粥",
                "seasonings": [
                    "蜂蜜 15g"
                ]
            },
            {
                "cooking_time": "20分钟",
                "ingredients": [
                    "豆腐 400g",
                    "菠菜 50g"
                ],
                "instructions": "1. 豆腐切小块，放入加盐的沸水中焯烫1分钟，捞出沥干。菠菜焯水备用。2. 热锅凉油，下肉末炒散至变色，加入豆瓣酱、豆豉、姜蒜末炒香出红油。3. 加入适量清水，放入豆腐，加生抽，轻轻推匀，小火煮3分钟。4. 分次淋入水淀粉勾芡，使汤汁浓稠包裹豆腐。5. 撒上花椒粉，装盘，旁边围上焯好的菠菜即可。",
                "name": "麻婆豆腐",
                "seasonings": [
                    "猪肉末 100g",
                    "郫县豆瓣酱 20g",
                    "豆豉 5g",
                    "花椒粉 3g",
                    "蒜末 10g",
                    "姜末 5g",
                    "生抽 10ml",
                    "水淀粉 30ml",
                    "食用油 20ml"
                ]
            },
            {
                "cooking_time": "30分钟（不含冷藏时间）",
                "ingredients": [
                    "奶油蛋糕 300g",
                    "鲜牛奶 400ml",
                    "草莓 100g"
                ],
                "instructions": "1. 草莓洗净切片。奶油蛋糕捏碎或切成小块。2. 吉利丁片用冷水泡软。3. 牛奶加糖小火加热至糖融化，微沸时关火，加入泡软的吉利丁片和香草精，搅拌至完全融化。4. 在容器底部铺一层蛋糕碎，倒入一半牛奶液，冷藏10分钟稍凝固。5. 铺上一层草莓片，再铺上剩余的蛋糕碎，倒入剩下的牛奶液。6. 表面用草莓片装饰，放入冰箱冷藏至少4小时至完全凝固。",
                "name": "奶油蛋糕草莓布丁",
                "seasonings": [
                    "细砂糖 30g",
                    "吉利丁片 10g",
                    "香草精 几滴"
                ]
            },
            {
                "cooking_time": "15分钟",
                "ingredients": [
                    "菠菜 100g",
                    "豆腐 200g"
                ],
                "instructions": "1. 菠菜洗净切段。豆腐切厚片。大蒜切末，干辣椒切段。2. 平底锅烧热油，将豆腐片煎至两面金黄，盛出。3. 用锅中余油爆香蒜末和干辣椒。4. 先下菠菜梗翻炒几下，再下菠菜叶，炒至变软。5. 放入煎好的豆腐，加入生抽、蚝油和少许盐，快速翻炒均匀即可出锅。",
                "name": "蒜蓉菠菜炒豆腐",
                "seasonings": [
                    "大蒜 20g",
                    "干辣椒 2个",
                    "生抽 15ml",
                    "蚝油 10ml",
                    "盐 2g",
                    "食用油 20ml"
                ]
            },
            {
                "cooking_time": "30分钟",
                "ingredients": [
                    "南瓜 105g",
                    "鲜牛奶 300ml",
                    "雀巢咖啡-焦糖风味拿铁 20g"
                ],
                "instructions": "1. 南瓜去皮去籽，切小块。洋葱切碎。2. 锅中融化黄油，炒香洋葱至透明。3. 加入南瓜块翻炒2分钟。4. 倒入牛奶，小火煮至南瓜软烂（约15分钟）。5. 将煮好的汤倒入搅拌机，加入焦糖风味拿铁粉，搅打成顺滑的糊状。6. 倒回锅中，加盐和黑胡椒粉调味，小火加热至微沸即可。",
                "name": "咖啡风味奶香南瓜汤",
                "seasonings": [
                    "洋葱 30g",
                    "黄油 15g",
                    "盐 2g",
                    "黑胡椒粉 少许"
                ]
            }
        ]
    },
    {
        "timestamp": "2025-12-27 17:22:19",
        "recipes": [
            {
                "cooking_time": "20分钟",
                "ingredients": [
                    "鲜鱼 500g",
                    "菠菜 50g"
                ],
                "instructions": "1. 鲜鱼处理干净，两面划几刀，用盐和料酒腌制10分钟。2. 姜切片，葱切段，铺在鱼身上。3. 菠菜洗净，铺在盘底。4. 将鱼放在菠菜上，放入蒸锅，大火蒸10-12分钟。5. 取出后撒上葱花即可。",
                "name": "清蒸鲜鱼",
                "seasonings": [
                    "姜 10g",
                    "葱 10g",
                    "盐 5g",
                    "料酒 10ml"
                ]
            },
            {
                "cooking_time": "10分钟",
                "ingredients": [
                    "鲜牛奶 300ml",
                    "草莓 150g",
                    "燕麦片 50g"
                ],
                "instructions": "1. 草莓洗净切块。2. 锅中倒入牛奶，加入燕麦片，小火煮5分钟至浓稠。3. 关火后加入草莓块，淋上蜂蜜拌匀即可。",
                "name": "草莓牛奶燕麦粥",
                "seasonings": [
                    "蜂蜜 10g"
                ]
            },
            {
                "cooking_time": "15分钟",
                "ingredients": [
                    "豆腐 400g",
                    "菠菜 50g"
                ],
                "instructions": "1. 豆腐切块，菠菜洗净切段。2. 热锅倒油，爆香蒜末、姜末，加入猪肉末炒散。3. 加入豆瓣酱炒香，倒入适量水，放入豆腐块，煮5分钟。4. 加入菠菜，用生抽调味，勾芡后撒上花椒粉即可。",
                "name": "麻婆豆腐",
                "seasonings": [
                    "猪肉末 50g",
                    "豆瓣酱 20g",
                    "花椒粉 3g",
                    "生抽 10ml",
                    "蒜末 10g",
                    "姜末 5g",
                    "淀粉 5g"
                ]
            },
            {
                "cooking_time": "5分钟",
                "ingredients": [
                    "奶油蛋糕 300g",
                    "草莓 150g",
                    "鲜牛奶 100ml"
                ],
                "instructions": "1. 草莓洗净切片。2. 奶油蛋糕切块，摆入盘中。3. 将草莓片装饰在蛋糕上，淋上鲜牛奶，撒上糖粉即可。",
                "name": "奶油蛋糕草莓拼盘",
                "seasonings": [
                    "糖粉 5g"
                ]
            },
            {
                "cooking_time": "10分钟",
                "ingredients": [
                    "菠菜 100g",
                    "豆腐 200g",
                    "鲜牛奶 200ml"
                ],
                "instructions": "1. 菠菜洗净切段，豆腐切块。2. 锅中倒入鲜牛奶和适量水，煮沸后加入豆腐块，煮3分钟。3. 加入菠菜段，煮1分钟。4. 用盐和胡椒粉调味，淋上香油即可。",
                "name": "菠菜豆腐汤",
                "seasonings": [
                    "盐 5g",
                    "胡椒粉 2g",
                    "香油 3ml"
                ]
            },
            {
                "cooking_time": "25分钟",
                "ingredients": [
                    "南瓜 105.5g",
                    "雀巢咖啡-焦糖风味拿铁 50g",
                    "鲜牛奶 100ml"
                ],
                "instructions": "1. 南瓜去皮切块。2. 将咖啡拿铁和鲜牛奶混合，加入橄榄油和肉桂粉拌匀。3. 南瓜块放入烤盘，淋上混合液，烤箱预热180°C，烤20分钟即可。",
                "name": "咖啡风味烤南瓜",
                "seasonings": [
                    "橄榄油 10ml",
                    "肉桂粉 3g"
                ]
            }
        ]
    },
    {
        "timestamp": "2025-12-27 17:17:33",
        "recipes": [
            {
                "cooking_time": "20分钟",
                "ingredients": [
                    "鲜鱼 500g",
                    "菠菜 50g",
                    "豆腐 100g"
                ],
                "instructions": "1. 鲜鱼处理干净，两面划几刀，用料酒和盐腌制10分钟。2. 豆腐切块铺在盘底，放上鱼，撒上姜片和葱段。3. 蒸锅水烧开，放入鱼盘，大火蒸8-10分钟。4. 取出后撒上焯水后的菠菜，淋上生抽即可。",
                "name": "清蒸鲜鱼",
                "seasonings": [
                    "姜片 10g",
                    "葱段 10g",
                    "料酒 15ml",
                    "盐 3g",
                    "生抽 10ml"
                ]
            },
            {
                "cooking_time": "15分钟",
                "ingredients": [
                    "菠菜 150g",
                    "豆腐 200g",
                    "鲜牛奶 200ml"
                ],
                "instructions": "1. 菠菜洗净切段，豆腐切小块。2. 锅中加少量水烧开，放入豆腐煮2分钟。3. 加入菠菜和鲜牛奶，煮至菠菜变软。4. 加入蒜末、盐、胡椒粉调味，淋上香油即可。",
                "name": "菠菜豆腐汤",
                "seasonings": [
                    "蒜末 5g",
                    "盐 3g",
                    "胡椒粉 1g",
                    "香油 5ml"
                ]
            },
            {
                "cooking_time": "10分钟",
                "ingredients": [
                    "奶油蛋糕 300g",
                    "草莓 200g",
                    "鲜牛奶 100ml"
                ],
                "instructions": "1. 奶油蛋糕捏碎成小块。2. 草莓洗净切片，留几颗装饰。3. 在杯子中铺一层蛋糕碎，放一层草莓片，重复至满。4. 鲜牛奶加糖粉和香草精搅匀，淋在蛋糕杯上，用草莓装饰。",
                "name": "草莓奶油蛋糕杯",
                "seasonings": [
                    "糖粉 10g",
                    "香草精 2ml"
                ]
            },
            {
                "cooking_time": "20分钟",
                "ingredients": [
                    "南瓜 105.5g",
                    "豆腐 100g",
                    "鲜牛奶 200ml"
                ],
                "instructions": "1. 南瓜去皮切块，豆腐切块。2. 锅中放橄榄油，炒南瓜2分钟。3. 加入豆腐和鲜牛奶，小火炖煮10分钟至南瓜软烂。4. 加盐和黑胡椒调味即可。",
                "name": "南瓜炖豆腐",
                "seasonings": [
                    "盐 3g",
                    "黑胡椒 1g",
                    "橄榄油 10ml"
                ]
            },
            {
                "cooking_time": "5分钟",
                "ingredients": [
                    "雀巢咖啡-焦糖风味拿铁 100.5g",
                    "鲜牛奶 300ml",
                    "草莓 100g"
                ],
                "instructions": "1. 草莓洗净切片。2. 将咖啡、鲜牛奶和一半草莓放入搅拌机中打匀。3. 杯中放入冰块和剩余草莓片，倒入混合饮品即可。",
                "name": "咖啡牛奶草莓饮",
                "seasonings": [
                    "冰块 适量"
                ]
            },
            {
                "cooking_time": "35分钟",
                "ingredients": [
                    "奶油蛋糕 300g",
                    "鲜牛奶 200ml",
                    "草莓 50g"
                ],
                "instructions": "1. 奶油蛋糕撕碎铺在烤碗底部。2. 鸡蛋打散，加入鲜牛奶、糖和香草精搅匀，过滤后倒入烤碗。3. 草莓切片放在表面。4. 烤箱预热180°C，水浴法烤25分钟至凝固。",
                "name": "奶油蛋糕布丁",
                "seasonings": [
                    "鸡蛋 2个",
                    "糖 20g",
                    "香草精 2ml"
                ]
            }
        ]
    },
    {
        "timestamp": "2025-12-27 17:17:32",
        "recipes": [
            {
                "cooking_time": "20分钟",
                "ingredients": [
                    "鲜鱼 500g",
                    "菠菜 50g"
                ],
                "instructions": "1. 鲜鱼处理干净，两面划几刀，用盐和料酒腌制10分钟。2. 姜切片，葱切段，铺在鱼身上。3. 蒸锅水烧开，放入鱼蒸8-10分钟。4. 取出后倒掉多余汤汁，撒上焯水后的菠菜丝，淋上生抽即可。",
                "name": "清蒸鲜鱼",
                "seasonings": [
                    "姜 10g",
                    "葱 10g",
                    "盐 5g",
                    "料酒 10ml",
                    "生抽 15ml"
                ]
            },
            {
                "cooking_time": "15分钟",
                "ingredients": [
                    "菠菜 150g",
                    "豆腐 200g",
                    "鲜牛奶 200ml"
                ],
                "instructions": "1. 菠菜洗净切段，豆腐切块。2. 锅中加少量油，爆香蒜末，加入菠菜翻炒至软。3. 倒入鲜牛奶和适量水，烧开后加入豆腐块。4. 煮3-5分钟，加盐、鸡精调味，淋香油出锅。",
                "name": "菠菜豆腐汤",
                "seasonings": [
                    "盐 5g",
                    "鸡精 3g",
                    "香油 5ml",
                    "蒜末 10g"
                ]
            },
            {
                "ingredients": [
                    "奶油蛋糕 600g",
                    "草莓 200g",
                    "鲜牛奶 100ml"
                ],
                "instructions": "1. 草莓洗净切片，部分捣成泥，加柠檬汁和糖粉拌匀。2. 将奶油蛋糕平铺，涂上草莓泥和鲜牛奶混合的馅料。3. 铺上草莓片，卷起蛋糕，用保鲜膜包裹定型。4. 冷藏30分钟后切片食用。",
                "name": "草莓奶油蛋糕卷",
                "ooking_time": "40分钟",
                "seasonings": [
                    "糖粉 20g",
                    "柠檬汁 10ml"
                ]
            },
            {
                "cooking_time": "25分钟",
                "ingredients": [
                    "南瓜 105.5g",
                    "鲜牛奶 300ml",
                    "豆腐 100g"
                ],
                "instructions": "1. 南瓜去皮切小块，豆腐切丁。2. 锅中加入鲜牛奶和南瓜，小火煮至南瓜软烂。3. 加入豆腐丁，继续煮5分钟。4. 根据口味加盐或糖调味即可。",
                "name": "南瓜牛奶粥",
                "seasonings": [
                    "盐 3g",
                    "糖 10g（可选）"
                ]
            },
            {
                "cooking_time": "20分钟",
                "ingredients": [
                    "鲜鱼 剩余部分（如已用完可省略）",
                    "雀巢咖啡-焦糖风味拿铁 50g",
                    "鲜牛奶 200ml"
                ],
                "instructions": "1. 鲜鱼切块，用盐和黑胡椒腌制。2. 锅中融化黄油，炒香洋葱丝。3. 加入咖啡拿铁和鲜牛奶，烧开后放入鱼块。4. 小火炖煮10分钟，至汤汁浓稠即可。",
                "name": "咖啡风味炖鱼",
                "seasonings": [
                    "盐 5g",
                    "黑胡椒 3g",
                    "洋葱 50g",
                    "黄油 10g"
                ]
            },
            {
                "cooking_time": "10分钟",
                "ingredients": [
                    "草莓 100g",
                    "菠菜 剩余部分",
                    "豆腐 100g"
                ],
                "instructions": "1. 菠菜洗净焯水后沥干，草莓切片，豆腐切丁焯水。2. 将所有食材混合放入碗中。3. 调制沙拉汁：橄榄油、柠檬汁、蜂蜜、盐拌匀。4. 淋上沙拉汁，轻轻拌匀即可食用。",
                "name": "草莓菠菜沙拉",
                "seasonings": [
                    "橄榄油 15ml",
                    "柠檬汁 10ml",
                    "蜂蜜 10g",
                    "盐 3g"
                ]
            }
        ]
    }
]