[
    {
        "timestamp": "20251227_100000_000",
        "item_name": "鸡蛋",
        "item_number": 1,
        "shelf_life_days": 7,
        "production_date": "2025-12-25",
        "expiry_date": "2025-12-31",
        "position": 1,
        "weight": 500.0,
        "id_code": "egg123"
    },
    {
        "timestamp": "20251227_100500_000",
        "item_name": "番茄",
        "item_number": 1,
        "shelf_life_days": 5,
        "production_date": "2025-12-26",
        "expiry_date": "2025-12-30",
        "position": 2,
        "weight": 300.0,
        "id_code": "tomato456"
    },
    {
        "timestamp": "20251227_101000_000",
        "item_name": "猪肉",
        "item_number": 1,
        "shelf_life_days": 3,
        "production_date": "2025-12-27",
        "expiry_date": "2025-12-29",
        "position": 3,
        "weight": 200.0,
        "id_code": "pork789"
    },
    {
        "timestamp": "20251227_101500_000",
        "item_name": "大米",
        "item_number": 1,
        "shelf_life_days": 365,
        "production_date": "2025-10-01",
        "expiry_date": "2026-09-30",
        "position": 4,
        "weight": 1000.0,
        "id_code": "rice101"
    },
    {
        "timestamp": "20251227_102000_000",
        "item_name": "牛奶",
        "item_number": 1,
        "shelf_life_days": 14,
        "production_date": "2025-12-26",
        "expiry_date": "2026-01-08",
        "position": 5,
        "weight": 1000.0,
        "id_code": "milk202"
    },
    {
        "timestamp": "20251227_102500_000",
        "item_name": "苹果",
        "item_number": 1,
        "shelf_life_days": 14,
        "production_date": "2025-12-25",
        "expiry_date": "2026-01-07",
        "position": 6,
        "weight": 400.0,
        "id_code": "apple303"
    },
    {
        "timestamp": "20251227_103000_000",
        "item_name": "胡萝卜",
        "item_number": 1,
        "shelf_life_days": 10,
        "production_date": "2025-12-26",
        "expiry_date": "2026-01-04",
        "position": 7,
        "weight": 250.0,
        "id_code": "carrot404"
    },
    {
        "timestamp": "20251227_103500_000",
        "item_name": "鸡肉",
        "item_number": 1,
        "shelf_life_days": 5,
        "production_date": "2025-12-27",
        "expiry_date": "2025-12-31",
        "position": 8,
        "weight": 500.0,
        "id_code": "chicken505"
    },
    {
        "timestamp": "20251227_104000_000",
        "item_name": "面粉",
        "item_number": 1,
        "shelf_life_days": 180,
        "production_date": "2025-11-01",
        "expiry_date": "2026-04-29",
        "position": 9,
        "weight": 2000.0,
        "id_code": "flour606"
    },
    {
        "timestamp": "20251227_104500_000",
        "item_name": "食用油",
        "item_number": 1,
        "shelf_life_days": 365,
        "production_date": "2025-08-01",
        "expiry_date": "2026-07-31",
        "position": 10,
        "weight": 5000.0,
        "id_code": "oil707"
    },
    {
        "timestamp": "20251227_105000_000",
        "item_name": "盐",
        "item_number": 1,
        "shelf_life_days": 730,
        "production_date": "2025-06-01",
        "expiry_date": "2027-05-31",
        "position": 11,
        "weight": 500.0,
        "id_code": "salt808"
    },
    {
        "timestamp": "20251227_105500_000",
        "item_name": "糖",
        "item_number": 1,
        "shelf_life_days": 365,
        "production_date": "2025-09-01",
        "expiry_date": "2026-08-31",
        "position": 12,
        "weight": 1000.0,
        "id_code": "sugar909"
    },
    {
        "timestamp": "20251227_110000_000",
        "item_name": "洋葱",
        "item_number": 1,
        "shelf_life_days": 30,
        "production_date": "2025-12-25",
        "expiry_date": "2026-01-23",
        "position": 13,
        "weight": 300.0,
        "id_code": "onion1010"
    },
    {
        "timestamp": "20251227_110500_000",
        "item_name": "土豆",
        "item_number": 1,
        "shelf_life_days": 30,
        "production_date": "2025-12-24",
        "expiry_date": "2026-01-22",
        "position": 14,
        "weight": 500.0,
        "id_code": "potato1111"
    },
    {
        "timestamp": "20251227_111000_000",
        "item_name": "黄瓜",
        "item_number": 1,
        "shelf_life_days": 7,
        "production_date": "2025-12-27",
        "expiry_date": "2026-01-02",
        "position": 15,
        "weight": 200.0,
        "id_code": "cucumber1212"
    },
    {
        "timestamp": "20251227_111500_000",
        "item_name": "酸奶",
        "item_number": 1,
        "shelf_life_days": 21,
        "production_date": "2025-12-26",
        "expiry_date": "2026-01-15",
        "position": 16,
        "weight": 500.0,
        "id_code": "yogurt1313"
    },
    {
        "timestamp": "20251227_112000_000",
        "item_name": "牛肉",
        "item_number": 1,
        "shelf_life_days": 5,
        "production_date": "2025-12-27",
        "expiry_date": "2025-12-31",
        "position": 17,
        "weight": 300.0,
        "id_code": "beef1414"
    },
    {
        "timestamp": "20251227_112500_000",
        "item_name": "青椒",
        "item_number": 1,
        "shelf_life_days": 7,
        "production_date": "2025-12-27",
        "expiry_date": "2026-01-02",
        "position": 18,
        "weight": 200.0,
        "id_code": "pepper1515"
    },
    {
        "timestamp": "20251227_211008_868",
        "item_name": "生菜",
        "item_number": 1,
        "shelf_life_days": 30,
        "production_date": "2025-12-27",
        "expiry_date": "2026-01-25",
        "ean_code": null,
        "id_code": "abc",
        "position": 3,
        "weight": 100.5
    },
    {
        "timestamp": "20251227_140441_775",
        "item_name": "雀巢咖啡-焦糖风味拿铁",
        "item_number": 1,
        "shelf_life_days": 300,
        "production_date": "2025-12-27",
        "expiry_date": "2026-10-22",
        "ean_code": "6917878054780",
        "id_code": "A1",
        "position": 1,
        "weight": 100.0
    },
    {
        "timestamp": "20251227_211719_652",
        "item_name": "雀巢咖啡-焦糖风味拿铁",
        "item_number": 2,
        "shelf_life_days": 300,
        "production_date": "2025-09-26",
        "expiry_date": "2026-07-22",
        "position": 1,
        "weight": 50.5,
        "ean_code": "6917878054780",
        "id_code": "666"
    },
    {
        "timestamp": "20251228_145147_526",
        "item_name": "西红柿",
        "item_number": 1,
        "shelf_life_days": 10,
        "production_date": "2025-12-28",
        "expiry_date": "2026-01-06",
        "position": 4,
        "weight": 195.2,
        "id_code": "D4"
    },
    {
        "timestamp": "20251228_145238_656",
        "item_name": "胡萝卜",
        "item_number": 2,
        "shelf_life_days": 20,
        "production_date": "2025-12-28",
        "expiry_date": "2026-01-16",
        "position": 4,
        "weight": 195.2
    },
    {
        "timestamp": "20251228_150013_768",
        "item_name": "雀巢咖啡-丝滑拿铁",
        "item_number": 1,
        "shelf_life_days": 300,
        "production_date": "2025-11-10",
        "expiry_date": "2026-09-05",
        "position": 3,
        "weight": 195.2,
        "ean_code": "6917878030623"
    }
]