[
    {
        "timestamp": "20251228_143413_604",
        "name": "西红柿",
        "number": 2,
        "time": "2025-12-28 14:34:13",
        "production_date": "2025-12-28",
        "shelf_life": "10",
        "expiry_date": "2026-01-06",
        "image_path": "captured_images/20251228_143413_604.jpg",
        "id_code": "C3",
        "position": 2,
        "weight": 114.6,
        "deletion_time": "2025-12-28T14:36:43.653909"
    },
    {
        "timestamp": "20251228_135703_094",
        "name": "西红柿",
        "number": 1,
        "time": "2025-12-28 13:57:03",
        "production_date": "2025-12-28",
        "shelf_life": "10",
        "expiry_date": "2026-01-06",
        "image_path": "captured_images/20251228_135703_094.jpg",
        "id_code": "D4",
        "position": 1,
        "weight": 50.5,
        "deletion_time": "2025-12-28T14:36:45.582853"
    }
]