[
    {
        "name": "炒猪肉",
        "ingredients": [
            {
                "name": "猪肉",
                "weight": 100.0
            },
            {
                "name": "大葱",
                "weight": 10.0
            }
        ]
    },
    {
        "name": "蒸蛋",
        "ingredients": [
            {
                "name": "鸡蛋",
                "weight": 100.0
            }
        ]
    },
    {
        "name": "11",
        "ingredients": [
            {
                "name": "土豆",
                "weight": 10.0
            }
        ]
    }
]