{
    "雀巢咖啡-丝滑摩卡": 300,
    "6917878036847": {
        "product_name": "雀巢咖啡-丝滑摩卡",
        "shelf_life_days": 300
    },
    "雀巢咖啡-焦糖风味拿铁": 300,
    "6917878054780": {
        "product_name": "雀巢咖啡-焦糖风味拿铁",
        "shelf_life_days": 300
    },
    "雀巢咖啡-丝滑拿铁": 300,
    "6917878030623": {
        "product_name": "雀巢咖啡-丝滑拿铁",
        "shelf_life_days": 300
    },
    "南瓜": 30,
    "鸡蛋": 14,
    "牛奶": 7,
    "苹果": 15,
    "胡萝卜": 20,
    "鸡胸肉": 5,
    "酸奶": 21,
    "西红柿": 10,
    "面包": 3,
    "菠菜": 2,
    "草莓": 3,
    "鲜鱼": 1,
    "豆腐": 2,
    "奶油蛋糕": 1,
    "鲜牛奶": 3,
    "番茄": 5,
    "猪肉": 3,
    "大米": 365,
    "生菜": 7,
    "鸡肉": 5,
    "面粉": 180,
    "食用油": 365,
    "盐": 730,
    "糖": 365,
    "洋葱": 30,
    "土豆": 30,
    "黄瓜": 7,
    "牛肉": 5,
    "青椒": 7
}